"","species","body_mass.mean","gen_length.mean","dispersal.mean"
"7","Abrocoma.cinerea",5.266000765,1.04025112841751,5.32464437601865
"12","Abrothrix.andinus",3.215269329,0.479187864417509,4.70957904509012
"15","Abrothrix.jelskii",3.540959324,0.479187864417509,4.3815824828459
"17","Abrothrix.longipilis",3.659965444,0.479187864417509,3.81569667063084
"19","Abrothrix.olivaceus",3.199489111,0.479187864417509,4.71082892407612
"21","Acomys.airensis",3.654727871,0.577094239417509,4.68232266829104
"22","Acomys.cahirinus",3.717466911,0.577094239417509,4.6687409650977
"24","Acomys.cineraceus",2.956991445,0.577094239417509,5.16479637810925
"25","Acomys.dimidiatus",3.912023005,0.577094239417509,4.49432107651927
"27","Acomys.johannis",4.156597474,0.577094239417509,4.48274864404919
"28","Acomys.kempi",3.090587805,0.577094239417509,5.16479637810925
"29","Acomys.louisae",3.005187432,0.577094239417509,5.16479637810925
"34","Acomys.russatus",3.745968421,0.577094239417509,4.6687409650977
"36","Acomys.spinosissimus",3.277144733,0.577094239417509,5.25715886592883
"38","Acomys.wilsoni",2.917770732,0.577094239417509,4.95966406339877
"42","Acrobates.pygmaeus",2.62756295,1.00582195441751,5.48695954774381
"47","Aepyprymnus.rufescens",7.941050077,1.29122522741751,6.396929655
"49","Aeromys.tephromelas",7.079184395,1.70885179141751,8.47284493204087
"50","Aeromys.thomasi",7.265562582,1.70885179141751,8.83631974609494
"52","Aethomys.chrysophilus",4.392595586,0.536893260417509,4.41628143377818
"53","Aethomys.hindei",4.946274535,0.560995394417508,5.7951771666786
"54","Aethomys.ineptus",4.891551413,0.560995394417508,5.77861126653197
"55","Aethomys.kaiseri",4.499698553,0.536893260417509,4.53030511172794
"56","Aethomys.nyikae",4.344000208,0.536893260417509,4.1500214365094
"62","Akodon.albiventer",3.25617161,0.479187864417509,4.70297893842515
"64","Akodon.azarae",3.229617921,0.479187864417509,4.70957904509012
"67","Akodon.cursor",3.684871433,0.479187864417509,3.75586472703948
"71","Akodon.iniscatus",3.356897123,0.479187864417509,4.80642339927415
"78","Akodon.molinae",3.496204485,0.479187864417509,4.38713117272192
"80","Akodon.montensis",3.545297726,0.479187864417509,4.3815824828459
"85","Akodon.paranaensis",3.481755549,0.479187864417509,4.38713117272192
"97","Akodon.toba",3.935739532,0.479187864417509,3.479719943683
"101","Allactaga.bullata",4.283586562,0.538056195417509,4.36665800562934
"102","Allactaga.elater",4.077537444,0.538056195417509,4.26264536382399
"103","Allactaga.euphratica",5.446737372,0.538056195417509,5.7285840732652
"105","Allactaga.hotsoni",4.337290741,0.538056195417509,4.37413385645859
"107","Allactaga.severtzovi",5.068904202,0.538056195417509,5.60335735616167
"108","Allactaga.sibirica",4.579852378,0.538056195417509,5.59615631657786
"111","Allactaga.williamsi",3.149740086,0.538056195417509,5.15278001294034
"113","Allocricetulus.curtatus",3.867715778,0.479187864417509,3.46375121549661
"114","Allocricetulus.eversmanni",4.749772568,0.741577893417508,5.61296789228691
"116","Alticola.argentatus",3.629394807,0.479187864417509,3.81569667063084
"118","Alticola.lemminus",3.834247653,0.479187864417509,3.50849525634275
"123","Alticola.semicanus",3.834247653,0.479187864417509,3.50849525634275
"124","Alticola.stoliczkanus",3.405853193,0.479187864417509,4.77993223506856
"125","Alticola.strelzowi",3.911822985,0.479187864417509,3.46375121549661
"135","Ammospermophilus.leucurus",4.643621372,1.19459704341751,5.36786233799116
"142","Anomalurus.beecrofti",6.171846725,1.04025112841751,7.66537402058891
"143","Anomalurus.derbianus",6.501049401,1.04025112841751,6.9269413675033
"145","Anomalurus.pusillus",5.521460918,1.04025112841751,5.1347469419882
"150","Anourosorex.squamipes",2.995732274,0.0384115244175084,4.22424138974564
"152","Antechinomys.laniger",3.241419789,0.584508848417508,5.25715886592883
"156","Antechinus.flavipes",3.791661649,0.597453338417509,5.03809595543765
"162","Antechinus.swainsonii",4.072269355,0.399906766417509,4.38805447214311
"167","Apodemus.chevrieri",3.493472658,0.417615490417509,4.94278028818035
"168","Apodemus.draco",3.102342009,0.417615490417509,5.25085922829837
"170","Apodemus.flavicollis",3.453157121,0.340683903417508,4.73768886424399
"173","Apodemus.latronum",3.561046083,0.417615490417509,4.75392087468164
"174","Apodemus.mystacinus",3.780546643,0.417615490417509,4.70077979142467
"175","Apodemus.pallipes",4.156597474,0.417615490417509,4.40892101588422
"176","Apodemus.peninsulae",3.493472658,0.417615490417509,4.94278028818035
"177","Apodemus.ponticus",3.284663565,0.417615490417509,5.18575301842988
"181","Apodemus.sylvaticus",3.086486637,0.540486828417508,5.13249828697457
"182","Apodemus.uralensis",2.904712875,0.417615490417509,5.26705870732568
"183","Apodemus.witherbyi",3.028199464,0.417615490417509,5.2841123471952
"200","Arvicanthis.ansorgei",4.700480366,0.722566326417509,5.59811631276893
"203","Arvicanthis.neumanni",4.442651256,0.722566326417509,4.64306642165144
"204","Arvicanthis.niloticus",4.562262685,0.722566326417509,5.58602708830673
"205","Arvicanthis.rufinus",4.156597474,0.722566326417509,4.57526269905705
"207","Arvicola.sapidus",5.393582091,0.586396810417509,6.05114938293758
"208","Arvicola.scherman",3.834247653,0.586396810417509,4.53543985908995
"209","Atelerix.albiventris",5.681673189,1.29690759941751,6.1068430008767
"210","Atelerix.algirus",6.806807236,1.29690759941751,5.47873895094804
"211","Atelerix.frontalis",5.796422426,1.29690759941751,6.2450814674928
"213","Atherurus.africanus",7.964034015,2.00602281341751,8.34477450975222
"214","Atherurus.macrourus",7.60090246,2.00602281341751,8.17506021199319
"218","Auliscomys.sublimis",3.63758616,0.479187864417509,3.81569667063084
"219","Baiomys.musculus",2.196112848,0.104120569417509,5.01026250503791
"220","Baiomys.taylori",2.005525859,0.104120569417509,5.01026250503791
"223","Bandicota.bengalensis",5.424905964,0.560995394417508,5.73115806548373
"224","Bandicota.indica",6.368341548,0.560995394417508,6.46681260288107
"225","Bandicota.savilei",5.563101777,0.560995394417508,5.69055307379873
"233","Belomys.pearsonii",6.380241803,1.33292339641751,7.07648943381912
"234","Berylmys.berdmorei",5.459585514,0.560995394417508,5.72455712299923
"235","Berylmys.bowersi",5.882430626,0.560995394417508,5.92390256484967
"243","Bibimys.labiosus",3.36729583,0.479187864417509,4.80642339927415
"246","Blanfordimys.afghanus",4.105060453,-3.22366113658249,3.835459993674
"248","Blarina.brevicauda",2.921008727,-0.171686528582492,4.21227573210217
"249","Blarina.carolinensis",2.477378383,-0.0712918675824916,4.48100892875775
"250","Blarina.hylophaga",2.673458756,0.0199369184175087,4.42300270346247
"251","Blarinella.griselda",2.079441542,0.156676144417508,5.01464818719094
"254","Blarinomys.breviceps",3.605226069,0.479187864417509,3.81569667063084
"255","Brachiones.przewalskii",3.295836866,0.536893260417509,4.88054170173385
"256","Brachylagus.idahoensis",6.066548828,0.977254446417509,8.2610181075
"287","Callosciurus.caniceps",5.579390146,1.46856623641751,5.51528230513804
"288","Callosciurus.erythraeus",5.646259288,1.46856623641751,5.51384938448284
"289","Callosciurus.finlaysonii",5.627621114,1.46856623641751,5.51384938448284
"292","Callosciurus.nigrovittatus",5.338979348,1.46856623641751,5.46398579857317
"293","Callosciurus.notatus",5.344676006,1.46856623641751,5.46398579857317
"296","Callosciurus.prevostii",5.991464547,1.46856623641751,7.4297017843339
"297","Callosciurus.pygerythrus",5.529429088,1.46856623641751,5.50128603752063
"299","Callospermophilus.lateralis",5.165357239,1.37067089341751,5.18988466345051
"304","Calomys.callosus",3.805550761,0.479187864417509,4.07675457894666
"305","Calomys.expulsus",3.685373315,0.479187864417509,3.75586472703948
"308","Calomys.laucha",2.63905733,0.479187864417509,4.80900065105586
"309","Calomys.lepidus",3.024805521,0.479187864417509,4.74086859373222
"310","Calomys.musculinus",3.005682604,0.479187864417509,4.74086859373222
"312","Calomys.tener",2.624668592,0.479187864417509,4.80900065105586
"316","Calomyscus.baluchi",4.428552332,0.676260528417509,4.88402252598681
"323","Caluromys.derbianus",5.789103535,0.897454158417508,6.59084404260492
"324","Caluromys.lanatus",5.858875567,0.977011254417508,6.02663728559021
"325","Caluromys.philander",5.507240282,1.05070280041751,5.1347469419882
"327","Cannomys.badius",6.15712728,1.04025112841751,7.66537402058891
"330","Cardiocranius.paradoxus",5.28227734,0.689462523417508,6.53714153661557
"336","Caryomys.inez",3.157000421,0.479187864417509,4.6810652220018
"337","Cavia.aperea",6.262216612,0.737921595417508,6.93406605454124
"338","Cavia.fulgida",5.643678551,0.737921595417508,6.13614648768007
"341","Cavia.tschudii",6.907755279,0.728086415417509,7.00106732315734
"345","Cercartetus.nanus",3.290265821,1.08157695741751,4.67690411180638
"347","Cerradomys.maracajuensis",3.721306308,0.479187864417509,3.75586472703948
"349","Cerradomys.scotti",3.610917913,0.479187864417509,3.81569667063084
"350","Cerradomys.subflavus",3.9111226,0.479187864417509,3.46375121549661
"359","Chaetodipus.eremicus",1.398286176,0.995411539417509,5.84542299551562
"363","Chaetodipus.hispidus",3.617383452,0.995411539417509,5.15082450926142
"364","Chaetodipus.intermedius",2.70404218,0.995411539417509,5.7238934399899
"366","Chaetodipus.nelsoni",2.742773637,0.995411539417509,5.7238934399899
"373","Chelemys.macronyx",4.262539022,0.479187864417509,3.68416374281783
"379","Chimarrogale.himalayica",3.511545439,0.0384115244175084,3.79052841723676
"382","Chimarrogale.styani",3.250374492,0.0384115244175084,4.10736343106135
"384","Chinchilla.chinchilla",6.214588098,1.60943791241751,9.13222750578386
"388","Chionomys.nivalis",3.737907685,0.479187864417509,3.75586472703948
"390","Chiromyscus.chiropus",4.354141431,0.536893260417509,4.24090613623752
"391","Chironectes.minimus",6.881750055,0.837512474417508,6.15031910576744
"393","Chiropodomys.gliroides",3.16463081,0.246466486417509,4.66455618855771
"397","Chiropodomys.pusillus",3.363841595,0.246466486417509,4.77181459516243
"404","Chodsigoa.hypsibia",2.098918204,0.156676144417508,5.01464818719094
"406","Chodsigoa.parca",2.079441542,0.156676144417508,5.01464818719094
"422","Clyomys.laticeps",5.303304908,0.705413542417508,6.51744300954131
"424","Coendou.bicolor",8.410162393,2.11707109241751,7.93117273604333
"427","Coendou.melanurus",7.549609165,2.11363284241751,7.96372697178017
"428","Coendou.mexicanus",7.60090246,2.11363284241751,8.17506021199319
"429","Coendou.nycthemera",8.006360901,2.11707109241751,8.23366749664505
"430","Coendou.prehensilis",8.322685687,2.11707109241751,7.93117273604333
"432","Coendou.quichua",8.132168007,2.11707109241751,8.29466121743194
"437","Coendou.spinosus",6.621112666,2.11363284241751,8.82424605078275
"440","Colomys.goslingi",4.135166557,0.536893260417509,4.10756456878933
"441","Condylura.cristata",3.874321138,0.425609874417509,4.0746198656703
"450","Cratogeomys.castanops",5.586611751,0.761359552417509,5.9904459305489
"457","Cremnomys.cutchicus",4.091005661,0.536893260417509,4.05995941320702
"459","Cricetomys.emini",7.144817514,1.04737292241751,7.27777763953209
"460","Cricetomys.gambianus",7.144817514,1.04737292241751,7.27777763953209
"462","Cricetulus.barabensis",3.128951117,0.479187864417509,4.70138686800741
"465","Cricetulus.longicaudatus",3.095577609,0.479187864417509,4.7005557862386
"466","Cricetulus.migratorius",3.420673158,0.479187864417509,4.77993223506856
"467","Cricetulus.sokolovi",3.135494216,0.479187864417509,4.7474564791331
"469","Cricetus.cricetus",6.061340362,0.246469376417508,6.60867905470528
"477","Crocidura.attenuata",2.657808985,0.158477080417509,4.68873603415222
"478","Crocidura.attila",1.609437912,0.114236357417509,5.02923351306751
"481","Crocidura.batesi",2.802754137,0.158477080417509,4.51282002670012
"491","Crocidura.cinderella",2.098918204,0.114236357417509,5.02923351306751
"493","Crocidura.crenata",1.874874376,0.114236357417509,5.02923351306751
"494","Crocidura.crossei",2.079441542,0.114236357417509,5.02923351306751
"495","Crocidura.cyanea",2.149433913,0.114236357417509,5.02923351306751
"496","Crocidura.denti",1.945910149,0.114236357417509,5.02923351306751
"499","Crocidura.dolichura",1.728109442,0.114236357417509,5.02923351306751
"509","Crocidura.foetida",2.327277706,0.158477080417509,5.01464818719094
"510","Crocidura.foxi",3.044522438,0.158477080417509,4.49315436638412
"511","Crocidura.fuliginosa",2.48490665,0.158477080417509,4.7467422594475
"512","Crocidura.fulvastra",2.302585093,0.158477080417509,5.01464818719094
"514","Crocidura.fuscomurina",1.722766598,0.114236357417509,5.02923351306751
"516","Crocidura.gmelini",2.467497353,0.158477080417509,4.7467422594475
"517","Crocidura.goliath",4.47642731,0.158477080417509,3.89963587250068
"526","Crocidura.hildegardeae",2.33020026,0.158477080417509,5.01464818719094
"528","Crocidura.hirta",2.76000994,0.158477080417509,4.52892624958022
"532","Crocidura.indochinensis",2.098918204,0.114236357417509,5.02923351306751
"533","Crocidura.jacksoni",1.945910149,0.114236357417509,5.02923351306751
"538","Crocidura.lamottei",3.020424886,0.158477080417509,4.49315436638412
"540","Crocidura.lasiura",2.694627181,0.158477080417509,4.68873603415222
"544","Crocidura.leucodon",2.386926241,0.158477080417509,5.01464818719094
"546","Crocidura.littoralis",2.923699071,0.158477080417509,4.48118870874066
"549","Crocidura.ludia",1.638996715,0.114236357417509,5.02923351306751
"550","Crocidura.luna",2.626840146,0.158477080417509,4.68873603415222
"551","Crocidura.lusitania",0.90825856,0.114236357417509,5.02923351306751
"552","Crocidura.macarthuri",2.098918204,0.114236357417509,5.02923351306751
"558","Crocidura.mariquensis",2.33698652,0.158477080417509,5.01464818719094
"559","Crocidura.maurisca",2.63905733,0.158477080417509,4.68873603415222
"564","Crocidura.monticola",1.887069649,0.114236357417509,5.02923351306751
"566","Crocidura.muricauda",2.098918204,0.114236357417509,5.02923351306751
"570","Crocidura.nanilla",1.871802177,0.114236357417509,5.02923351306751
"577","Crocidura.nigrofusca",2.463853241,0.158477080417509,4.7467422594475
"580","Crocidura.obscurior",1.386294361,0.114236357417509,5.02923351306751
"587","Crocidura.parvipes",2.098918204,0.114236357417509,5.02923351306751
"588","Crocidura.pasha",1.871802177,0.114236357417509,5.02923351306751
"594","Crocidura.poensis",2.836150204,0.158477080417509,4.51282002670012
"602","Crocidura.roosevelti",2.397895273,0.158477080417509,5.01464818719094
"603","Crocidura.russula",2.291524146,0.206350178417509,5.23329646836554
"606","Crocidura.shantungensis",1.504077397,0.114236357417509,5.02923351306751
"607","Crocidura.sibirica",4.290459441,0.158477080417509,3.53750179484426
"609","Crocidura.silacea",1.945910149,0.114236357417509,5.02923351306751
"625","Crocidura.turba",2.673458756,0.158477080417509,4.68873603415222
"628","Crocidura.viaria",2.802754137,0.158477080417509,4.51282002670012
"630","Crocidura.voi",2.098918204,0.114236357417509,5.02923351306751
"631","Crocidura.vorax",2.098918204,0.114236357417509,5.02923351306751
"634","Crocidura.whitakeri",1.719188776,0.114236357417509,5.02923351306751
"638","Crocidura.yankariensis",1.60743591,0.114236357417509,5.02923351306751
"640","Crocidura.zarudnyi",1.903300844,0.114236357417509,5.02923351306751
"655","Cryptomys.hottentotus",4.319219946,1.48220184041751,5.73645887734189
"660","Cryptonanus.agricolai",5.28227734,0.837512474417508,6.41035936532544
"661","Cryptonanus.chacoensis",5.28227734,0.837512474417508,6.41035936532544
"686","Cryptotis.parva",1.60341984,-0.0985430165824912,4.74815576546619
"757","Cynomys.gunnisoni",6.682020874,1.45751100441751,5.46927042025
"758","Cynomys.leucurus",6.870842301,1.45751100441751,5.55966653140511
"759","Cynomys.ludovicianus",6.680917412,1.45751100441751,7.94392122983333
"764","Dactylomys.dactylinus",6.476941593,0.705413542417508,6.76873571863601
"769","Dactylopsila.trivirgata",6.024439837,1.65246270841751,9.13344113215415
"770","Dasycercus.blythi",4.600559573,1.07580041241751,4.39432628106041
"772","Dasykaluta.rosamondae",3.471034341,0.517096087417508,4.79722357781517
"774","Dasymys.incomtus",4.850075229,0.560995394417508,5.42645894367396
"777","Dasymys.rufulus",4.077537444,0.536893260417509,4.0385329438748
"778","Dasyprocta.azarae",7.998607536,1.64497672441751,9.03929694009535
"781","Dasyprocta.fuliginosa",8.160523962,1.64497672441751,8.85190153431387
"784","Dasyprocta.leporina",8.009692035,1.74917052741751,8.22681347763499
"786","Dasyprocta.prymnolopha",7.972466016,1.64497672441751,9.16191765021292
"787","Dasyprocta.punctata",7.744621779,1.52865016741751,6.52543386146468
"789","Dasyprocta.variegata",7.744621779,1.52865016741751,6.52543386146468
"791","Dasyurus.albopunctatus",6.4027129,0.695054401417509,6.78660399419981
"794","Dasyurus.maculatus",8.096863146,0.921670100417509,7.82329438278086
"807","Dendromus.melanotis",2.208274414,1.06995416941751,5.20299845439611
"808","Dendromus.mesomelas",2.32238772,0.504628378417508,5.36692170094529
"810","Dendromus.mystacalis",2.100468909,1.06995416941751,5.20299845439611
"811","Dendromus.nyikae",2.708050201,0.504628378417508,4.91146181464243
"815","Deomys.ferrugineus",4.053522568,0.536893260417509,3.99940935013146
"816","Dephomys.defua",3.762362231,0.536893260417509,4.48338599764264
"817","Desmana.moschata",6.05828172,0.732349086417509,7.3977584593763
"818","Desmodilliscus.braueri",2.302585093,0.536893260417509,5.33265315881966
"819","Desmodillus.auricularis",4.003872659,0.536893260417509,3.99940935013146
"822","Dicrostonyx.groenlandicus",4.068000587,0.0738359194175081,3.35929984709092
"823","Dicrostonyx.hudsonius",4.043051268,0.178046908417508,3.60181444022549
"824","Dicrostonyx.nelsoni",4.007333185,0.178046908417508,3.60181444022549
"826","Dicrostonyx.richardsoni",4.007333185,0.178046908417508,3.60181444022549
"827","Dicrostonyx.torquatus",4.366532214,0.272415582417509,3.88157488342277
"830","Didelphis.albiventris",6.937770288,0.139303945417509,6.28880747549557
"831","Didelphis.aurita",7.008396677,0.416247137417509,6.76141272546846
"832","Didelphis.imperfecta",6.806832679,0.416247137417509,6.67259566222551
"833","Didelphis.marsupialis",7.034167641,0.304170390417508,6.67328016790304
"834","Didelphis.pernigra",6.806832679,0.416247137417509,6.67259566222551
"835","Didelphis.virginiana",7.800605414,0.714814841417509,8.456755285
"838","Diplomesodon.pulchellum",2.397895273,0.0384115244175084,4.74815576546619
"852","Dipodomys.merriami",3.63521493,0.634025923417509,4.70566805904723
"853","Dipodomys.microps",4.029983803,0.815154705417508,3.98998644999394
"856","Dipodomys.ordii",3.919991175,1.14071280841751,5.320325980789
"860","Dipodomys.spectabilis",4.82518886,1.08597505741751,3.5049763565
"863","Dipus.sagitta",4.48863637,0.687924163417509,4.82482392721415
"864","Distoechurus.pennatus",3.965374181,1.00582195441751,4.56373089335018
"865","Dolichotis.salinicola",7.382497663,1.52416905641751,5.24807062950302
"871","Dremomys.lokriah",5.424905964,1.33292339641751,6.2621612051972
"872","Dremomys.pernyi",5.291443798,1.33292339641751,6.24052957290125
"874","Dremomys.rufigenis",5.299916088,1.33292339641751,6.24052957290125
"877","Dryomys.nitedula",3.384390263,0.879028859417509,5.88687450597778
"879","Echimys.chrysurus",6.413442564,0.705413542417508,6.76873571863601
"883","Echinosorex.gymnura",6.628742189,1.19261421441751,7.52986315740407
"889","Echymipera.kalubu",6.715577307,0.575574114417509,6.5324491439015
"890","Echymipera.rufescens",6.957953975,1.04887750041751,6.60074683760384
"892","Eligmodontia.morgani",2.803360381,-0.905489007582491,4.69836169217291
"893","Eligmodontia.puerulus",3.349553149,-0.905489007582491,4.72673004716877
"894","Eligmodontia.typus",2.85474458,-0.905489007582491,4.69836169217291
"896","Eliomys.munbyanus",1.21369555,1.02170289041751,5.2506985367546
"897","Eliomys.quercinus",4.741535061,1.02170289041751,4.33664245367846
"910","Ellobius.fuscocapillus",4.382026635,0.479187864417509,3.91475248727752
"911","Ellobius.lutescens",4.764845576,0.741577893417508,5.61296789228691
"913","Ellobius.tancrei",4.094344562,0.479187864417509,3.68416374281783
"915","Eolagurus.luteus",3.258096538,0.479187864417509,4.70297893842515
"916","Eolagurus.przewalskii",3.834247653,0.479187864417509,3.50849525634275
"917","Eospalax.fontanierii",5.548141796,1.04025112841751,5.1347469419882
"923","Eothenomys.melanogaster",2.975019232,0.479187864417509,4.76849654980929
"924","Eothenomys.miletus",3.834247653,0.479187864417509,3.50849525634275
"928","Eozapus.setchuanus",3.483575821,0.687924163417509,5.72997318075576
"929","Episoriculus.caudatus",1.835776355,0.156676144417508,5.01464818719094
"932","Episoriculus.macrurus",2.098918204,0.156676144417508,5.01464818719094
"933","Epixerus.ebii",6.255673263,1.33292339641751,7.26711922074202
"935","Eremodipus.lichtensteini",3.931825633,0.687924163417509,4.83019155875707
"937","Erinaceus.amurensis",6.65929392,1.24535753341751,6.89294019336679
"938","Erinaceus.concolor",6.501274655,0.932730849417508,7.30403144683333
"939","Erinaceus.europaeus",6.656662255,1.48317454041751,7.4861666739437
"940","Erinaceus.roumanicus",6.64898455,1.24535753341751,7.09488693369039
"942","Euchoreutes.naso",3.183870216,0.687924163417509,6.10141866525395
"946","Euneomys.petersoni",4.418840608,0.479187864417509,4.30420340852114
"949","Euroscaptor.klossi",4.386219538,0.732349086417509,4.61420894399374
"957","Euryoryzomys.macconnelli",4.131078211,0.479187864417509,3.68416374281783
"958","Euryoryzomys.nitidus",4.010872369,0.479187864417509,3.57230916562596
"959","Euryoryzomys.russatus",4.102643365,0.479187864417509,3.68416374281783
"960","Euryzygomatomys.spinosus",5.233725511,0.705413542417508,6.72984730579975
"963","Exilisciurus.exilis",3.079613758,1.22240371641751,6.7489232107064
"967","Fukomys.bocagei",3.97280883944505,0.699099517992568,4.88673050649627
"968","Fukomys.damarensis",3.97280883944505,0.699099517992568,4.88673050649627
"969","Fukomys.mechowi",3.97280883944505,0.699099517992568,4.88673050649627
"970","Fukomys.ochraceocinereus",3.97280883944505,0.699099517992568,4.88673050649627
"972","Funambulus.palmarum",4.915591745,1.33292339641751,7.83575967220902
"973","Funambulus.pennantii",4.629765233,1.33292339641751,6.6391697376673
"976","Funisciurus.anerythrus",5.409590369,1.33292339641751,6.2621612051972
"979","Funisciurus.congicus",4.718498871,1.33292339641751,6.6391697376673
"981","Funisciurus.isabella",4.694187882,1.33292339641751,6.6391697376673
"982","Funisciurus.lemniscatus",4.948688966,1.33292339641751,7.83723284999797
"983","Funisciurus.leucogenys",5.521460918,1.33292339641751,6.28355311080127
"984","Funisciurus.pyrropus",5.49380191,1.33292339641751,6.25918450326527
"987","Galea.leucoblephara",5.957494028,0.0657395124175083,6.57636306315744
"990","Galea.spixii",5.887797042,0.527746423417509,5.81841337599006
"999","Geomys.bursarius",5.316893752,1.12730668441751,5.678352900724
"1009","Gerbilliscus.boehmi",3.892498824,0.625558606417509,4.47140586773022
"1010","Gerbilliscus.brantsii",4.493232533,0.625558606417509,4.74818631243414
"1012","Gerbilliscus.guineae",4.629862799,0.541384856417508,5.61263390595117
"1014","Gerbilliscus.kempi",4.61343593,0.541384856417508,5.61263390595117
"1015","Gerbilliscus.leucogaster",4.300680995,0.625558606417509,4.50274719217746
"1016","Gerbilliscus.nigricaudus",4.812184355,0.541384856417508,5.61144464130258
"1018","Gerbilliscus.robustus",4.564244019,0.625558606417509,5.60940821495175
"1019","Gerbilliscus.validus",4.795790546,0.541384856417508,5.61144464130258
"1020","Gerbillurus.paeba",3.254628995,0.536893260417509,4.89356400736281
"1026","Gerbillus.amoenus",2.58021683,0.957912984417509,5.68320220630444
"1028","Gerbillus.aquilus",4.156597474,0.957912984417509,4.76448515961936
"1032","Gerbillus.campestris",3.346389145,0.957912984417509,5.96748194960111
"1033","Gerbillus.cheesmani",3.33220451,0.957912984417509,5.96748194960111
"1035","Gerbillus.dasyurus",3.157000421,0.957912984417509,5.7865574066777
"1039","Gerbillus.gerbillus",3.295466427,0.957912984417509,5.90941124845967
"1043","Gerbillus.henleyi",2.079441542,0.957912984417509,5.80473176183016
"1054","Gerbillus.nancillus",3.691054394,0.957912984417509,5.12250256908457
"1055","Gerbillus.nanus",3.238678452,0.957912984417509,5.92212039532169
"1063","Gerbillus.pusillus",2.529720666,0.957912984417509,5.69472841255207
"1064","Gerbillus.pyramidum",3.756538103,0.957912984417509,5.29539343181197
"1070","Gerbillus.tarabuli",4.156597474,0.957912984417509,4.76448515961936
"1072","Glaucomys.sabrinus",4.923842075,1.55566558541751,6.83080289195664
"1073","Glaucomys.volans",4.275276265,1.66550400841751,6.75038701506259
"1074","Glironia.venusta",4.736198448,0.837512474417508,5.13416117713655
"1076","Glis.glis",4.852733142,1.15017330041751,5.13951252498858
"1078","Golunda.ellioti",4.10643781,0.536893260417509,4.10756456878933
"1080","Gracilinanus.agilis",3.092405161,0.565998545417509,5.16412208663601
"1084","Gracilinanus.microtarsus",3.377587516,0.565998545417509,5.35154151295835
"1088","Grammomys.cometes",3.80666249,0.420257533417509,4.70077979142467
"1089","Grammomys.dolichurus",3.734091797,0.420257533417509,4.44684974692039
"1093","Grammomys.kuru",3.912622826,0.420257533417509,4.21156533018509
"1099","Graomys.griseoflavus",4.224202549,0.479187864417509,3.68416374281783
"1101","Graphiurus.christyi",1.103829064,0.988963010417508,5.84542299551562
"1102","Graphiurus.crassicaudatus",3.170617488,0.879028859417509,5.71092364151719
"1104","Graphiurus.kelleni",2.351375257,0.879028859417509,5.75328743550146
"1105","Graphiurus.lorraineus",3.296,0.879028859417509,5.83377748329916
"1106","Graphiurus.microtis",1.21369555,0.988963010417508,5.84542299551562
"1108","Graphiurus.murinus",2.999226163,0.879028859417509,5.77473553650366
"1109","Graphiurus.nagtglasii",3.401197382,0.879028859417509,5.88687450597778
"1110","Graphiurus.ocularis",4.231203745,0.879028859417509,4.70901906427828
"1129","Handleyomys.alfaroi",3.505557397,0.479187864417509,4.38713117272192
"1135","Handleyomys.rostratus",3.749504076,0.479187864417509,3.75035218345649
"1137","Hapalomys.delacouri",4.163559631,0.536893260417509,4.10756456878933
"1139","Heimyscus.fumosus",2.844909384,0.536893260417509,4.75528060863765
"1140","Heliophobius.argenteocinereus",5.071793107,0.974688864417509,4.79724630366825
"1141","Heliosciurus.gambianus",5.514879306,1.33292339641751,6.28355311080127
"1142","Heliosciurus.mutabilis",5.966146739,1.33292339641751,7.32376034827311
"1144","Heliosciurus.rufobrachium",5.807782065,1.33292339641751,6.57339031556044
"1150","Hemiechinus.auritus",5.774675761,0.946401476417509,6.07975628659373
"1152","Heterocephalus.glaber",3.672750072,1.71259259841751,6.61665658949471
"1156","Heteromys.desmarestianus",4.304065093,0.872633061417509,4.70901906427828
"1158","Heteromys.irroratus",3.890799369,0.872633061417509,4.82326466884422
"1162","Heteromys.pictus",3.767690635,0.872633061417509,5.21439398920297
"1167","Holochilus.brasiliensis",5.043425117,0.741577893417508,5.82046638052974
"1168","Holochilus.chacarius",5.318119994,0.741577893417508,6.56487786002527
"1169","Holochilus.sciureus",4.790985632,0.741577893417508,5.61296789228691
"1176","Hybomys.trivirgatus",4.095677007,0.536893260417509,4.10756456878933
"1177","Hybomys.univittatus",3.997466487,0.536893260417509,3.99940935013146
"1178","Hydromys.chrysogaster",6.4396219,0.815368854417509,5.98352784820961
"1182","Hyladelphys.kalinowskii",5.28227734,0.837512474417508,6.41035936532544
"1185","Hylaeamys.megacephalus",4.007333185,0.253605682417508,3.79161778153151
"1187","Hylaeamys.perenensis",3.834247653,0.253605682417508,3.83526540456805
"1189","Hylaeamys.yunganus",4.102651629,0.253605682417508,3.85014846578953
"1192","Hylomys.suillus",4.053696164,1.19261421441751,5.27992666228513
"1193","Hylomyscus.aeta",3.096934154,0.536893260417509,4.85400795761076
"1194","Hylomyscus.alleni",2.992727765,0.536893260417509,4.86683965618439
"1198","Hylomyscus.denniae",3.583241122,0.536893260417509,4.32062684430736
"1200","Hylomyscus.parvus",2.673458756,0.536893260417509,4.8746959230503
"1201","Hylomyscus.stella",2.943912525,0.536893260417509,4.7331175096187
"1203","Hylopetes.alboniger",5.542752632,1.33292339641751,6.28355311080127
"1207","Hylopetes.phayrei",5.424905964,1.33292339641751,6.2621612051972
"1208","Hylopetes.platyurus",4.042700329,1.22240371641751,6.25112197301716
"1210","Hylopetes.spadiceus",4.771531723,1.33292339641751,6.6391697376673
"1220","Hystrix.crassispinis",8.43045814,2.00602281341751,7.93117273604333
"1222","Hystrix.sumatrae",8.342839804,2.00602281341751,7.93117273604333
"1227","Ictidomys.mexicanus",5.178914269,1.06014948341751,5.33463386273137
"1228","Ictidomys.tridecemlineatus",5.164271556,1.06571741041751,5.348007470875
"1229","Idiurus.macrotis",3.304319307,0.676260528417509,6.05609835154863
"1231","Iomys.horsfieldii",5.046645732,1.33292339641751,7.26446174135556
"1235","Isoodon.macrourus",7.317059674,0.535844277417509,7.72542030036759
"1238","Isothrix.bistriata",6.09805181,0.705413542417508,7.39738260138319
"1244","Jaculus.blanfordi",4.001863709,0.924319891417508,4.71437465749146
"1245","Jaculus.jaculus",4.091005661,0.924319891417508,4.70446701702607
"1246","Jaculus.orientalis",4.929135971,0.924319891417508,5.98038186736534
"1247","Juliomys.pictipes",3.131136911,0.479187864417509,4.7474564791331
"1252","Kannabateomys.amblyonyx",6.396912988,0.705413542417508,6.76873571863601
"1254","Kerodon.rupestris",6.683548663,1.32679699341751,5.68530183104037
"1256","Kunsia.tomentosus",4.750135956,0.741577893417508,5.61296789228691
"1258","Lagidium.viscacia",7.339531202,1.87837768641751,8.24959786747652
"1260","Lagorchestes.conspicillatus",7.944850256,1.10336613141751,7.42441069714496
"1262","Lagostomus.maximus",8.446972424,1.29170891841751,6.61955506957333
"1264","Lagurus.lagurus",3.025291076,0.188977439417508,4.68017818944296
"1268","Lariscus.insignis",5.161408849,1.33292339641751,6.33847093153171
"1271","Lasiopodomys.brandtii",3.693866996,0.479187864417509,3.75586472703948
"1273","Lasiopodomys.mandarinus",3.834247653,0.479187864417509,3.50849525634275
"1274","Leggadina.forresti",3.173041289,0.536893260417509,4.860213221045
"1275","Leggadina.lakedownensis",2.862200881,0.536893260417509,4.75528060863765
"1277","Lemmiscus.curtatus",3.341801172,0.479187864417509,4.80642339927415
"1278","Lemmus.amurensis",3.834247653,-0.169172765582491,3.25311196485257
"1279","Lemmus.lemmus",4.213903797,-0.169172765582491,3.16623551377341
"1281","Lemmus.sibiricus",3.985459324,-0.169172765582491,3.11576684574222
"1282","Lemmus.trimucronatus",4.245920502,-0.169172765582491,3.16623551377341
"1285","Lemniscomys.griselda",4.023027563,0.266496599417509,3.79161778153151
"1288","Lemniscomys.macculus",3.277144733,0.266496599417509,4.65269403591541
"1290","Lemniscomys.rosalia",3.910421724,0.266496599417509,3.62711482774393
"1292","Lemniscomys.striatus",3.776203282,0.266496599417509,4.18950528675825
"1293","Lemniscomys.zebra",3.27752202,0.266496599417509,4.65269403591541
"1298","Leopoldamys.edwardsi",5.732758583,0.560995394417508,5.61326547212043
"1301","Leopoldamys.sabanus",5.851081162,0.560995394417508,5.92390256484967
"1310","Lepus.arcticus",8.392248825,1.08119369941751,7.11258354896085
"1312","Lepus.californicus",7.792547088,1.21202768741751,7.45557898455498
"1313","Lepus.callotis",7.866400271,1.05405108241751,7.5984717920733
"1314","Lepus.capensis",7.624184321,1.05405108241751,7.46333292943899
"1316","Lepus.comus",7.608652351,1.05405108241751,7.46333292943899
"1322","Lepus.granatensis",7.7510193,1.05405108241751,7.58458294225864
"1323","Lepus.habessinicus",7.608652351,1.05405108241751,7.46333292943899
"1326","Lepus.mandshuricus",7.514281915,1.05405108241751,7.09461376430295
"1328","Lepus.nigricollis",7.738161272,1.05405108241751,7.58458294225864
"1329","Lepus.oiostolus",7.811386213,1.05405108241751,7.58481539744797
"1331","Lepus.peguensis",7.726433182,1.05405108241751,7.58199415547764
"1332","Lepus.saxatilis",7.860813718,1.05405108241751,7.5984717920733
"1333","Lepus.sinensis",7.382379467,1.05405108241751,7.00508604577363
"1335","Lepus.tibetanus",7.631674118,1.05405108241751,7.46439972640357
"1337","Lepus.tolai",7.370860167,1.05405108241751,7.00508604577363
"1338","Lepus.townsendii",8.123154552,1.10119821141751,7.50036219137588
"1339","Lepus.victoriae",7.475118124,1.05405108241751,7.09461376430295
"1340","Lepus.yarkandensis",7.286472497,1.05405108241751,7.48980967609002
"1341","Lestodelphys.halli",4.360164388,0.565998545417509,4.56782937359876
"1346","Lophiomys.imhausi",6.626717749,0.741577893417508,7.06814833301518
"1352","Lophuromys.flavopunctatus",4.044278585,0.536893260417509,3.99940935013146
"1357","Lophuromys.nudicaudus",3.484005493,0.536893260417509,4.60368375975961
"1360","Lophuromys.sikapusi",4.138680376,0.536893260417509,4.10756456878933
"1363","Loxodontomys.micropus",4.259293869,0.479187864417509,3.68416374281783
"1366","Lutreolina.crassicaudata",6.318553613,0.837512474417508,6.21742230054316
"1371","Macrotis.lagotis",7.114427927,1.17664226641751,7.71771949743022
"1374","Madromys.blanfordi",5.505606266,0.560995394417508,5.68533673913423
"1375","Makalata.didelphoides",5.988108923,0.705413542417508,7.39795155598763
"1376","Makalata.macrura",6.084499413,0.705413542417508,7.3977584593763
"1379","Malacomys.edwardsi",4.155439662,0.536893260417509,4.10756456878933
"1380","Malacomys.longipes",4.560591143,0.536893260417509,5.58083362900447
"1381","Malacothrix.typica",2.834389123,0.504628378417508,4.76844462084924
"1393","Marmosa.constantiae",4.529260592,0.565998545417509,5.58244421950206
"1394","Marmosa.demerarae",4.62771415,0.837512474417508,5.1375453094437
"1395","Marmosa.lepida",2.63905733,0.443345882417509,5.31832381677629
"1396","Marmosa.mexicana",3.893044039,0.443345882417509,4.05068577756206
"1397","Marmosa.murina",3.591266625,0.443345882417509,4.32006236659407
"1398","Marmosa.paraguayanus",4.722330806,0.837512474417508,5.13416117713655
"1401","Marmosa.regina",4.775756487,0.837512474417508,5.14362329830886
"1402","Marmosa.robinsoni",4.103799721,0.443345882417509,4.25017003834474
"1403","Marmosa.rubra",4.142975984,0.443345882417509,4.25017003834474
"1406","Marmosops.bishopi",2.928523524,0.565998545417509,4.99564676164685
"1411","Marmosops.impavidus",3.730740908,0.565998545417509,4.6638643145053
"1412","Marmosops.incanus",4.09234256,0.565998545417509,4.43581907022345
"1416","Marmosops.noctivagus",3.683112859,0.565998545417509,4.6638643145053
"1418","Marmosops.parvidens",2.708050201,0.565998545417509,5.05155953663369
"1420","Marmosops.pinheiroi",3.220682454,0.565998545417509,5.25601323976893
"1421","Marmota.broweri",8.086410275,1.68935235041751,9.09226719395433
"1422","Marmota.caligata",7.720333026,1.65312697341751,9.28431829383975
"1423","Marmota.camtschatica",8.465899897,1.68935235041751,8.70831121912977
"1424","Marmota.caudata",8.377931124,1.68935235041751,8.70831121912977
"1425","Marmota.flaviventris",8.218714377,1.73236325941751,7.9293333765
"1428","Marmota.monax",8.263830095,1.48097165041751,6.5866042855
"1429","Massoutiera.mzabi",5.267858159,1.00644065441751,5.62045342064388
"1432","Mastomys.coucha",3.985459324,0.536893260417509,4.04545020122591
"1433","Mastomys.erythroleucus",4.159976236,0.536893260417509,4.10756456878933
"1434","Mastomys.huberti",5.953243334,0.560995394417508,7.09842991481119
"1435","Mastomys.kollmannspergeri",4.509870006,0.536893260417509,4.53030511172794
"1452","Maxomys.rajah",5.010635294,0.560995394417508,5.83300406655078
"1453","Maxomys.surifer",5.013830185,0.560995394417508,5.60743390586344
"1454","Maxomys.tajuddinii",3.97280883944505,0.699099517992568,4.88673050649627
"1456","Maxomys.whiteheadi",3.995076561,0.536893260417509,3.99940935013146
"1462","Melanomys.caliginosus",3.713572067,0.479187864417509,3.75586472703948
"1470","Melomys.burtoni",4.266756065,0.536893260417509,4.10756456878933
"1486","Melomys.rufescens",4.096009842,0.536893260417509,4.10756456878933
"1488","Menetes.berdmorei",5.272999559,1.33292339641751,6.39011668106853
"1491","Meriones.crassus",4.247637732,0.608985338417509,4.47512294314121
"1493","Meriones.grandis",4.506454213,0.510520947417508,4.59669820946817
"1494","Meriones.hurrianae",4.262961528,0.510520947417508,3.97432785215422
"1495","Meriones.libycus",4.514479321,0.576275228417509,4.76224554691003
"1496","Meriones.meridianus",4.128745989,0.510520947417508,3.97432785215422
"1497","Meriones.persicus",4.677676877,0.510520947417508,5.65034334696026
"1500","Meriones.shawi",4.506454213,0.510520947417508,4.59669820946817
"1501","Meriones.tamariscinus",4.787491743,0.510520947417508,5.65034334696026
"1502","Meriones.tristrami",4.715100245,0.510520947417508,5.65034334696026
"1503","Meriones.unguiculatus",4.056123349,0.322455675417508,3.73888911674028
"1506","Mesechinus.dauuricus",5.834810737,1.19261421441751,6.09493184995223
"1515","Mesocricetus.brandti",5.288267031,0.317187674417508,5.1934768438812
"1518","Mesomys.hispidus",5.164785974,0.705413542417508,6.4572892182362
"1521","Mesomys.stimulax",4.682131227,0.705413542417508,5.54918332541693
"1522","Metachirus.nudicaudatus",5.8965218,0.837512474417508,5.97963464358586
"1524","Micaelamys.namaquensis",4.127134385,0.536893260417509,4.10756456878933
"1526","Microcavia.australis",5.566396042,0.768207380417508,5.76234500918973
"1563","Microryzomys.minutus",2.60194867,0.479187864417509,4.80900065105586
"1565","Microsciurus.flaviventer",4.521788577,1.22240371641751,6.41922254446291
"1571","Microtus.arvalis",3.292126287,0.204013793417508,4.621043535
"1576","Microtus.californicus",4.050392675,0.0233520604175082,3.11576684574222
"1578","Microtus.chrotorrhinus",3.663305203,0.0233520604175082,3.32358911106327
"1582","Microtus.duodecimcostatus",3.122805356,0.0233520604175082,4.21217630257139
"1585","Microtus.fortis",4.143134726,0.0233520604175082,3.16623551377341
"1587","Microtus.gregalis",3.860729711,0.0233520604175082,2.93541389399966
"1589","Microtus.guentheri",3.911822985,0.298345766417508,3.52627819109146
"1590","Microtus.hyperboreus",3.668291112,0.0233520604175082,3.29750836342249
"1591","Microtus.ilaeus",3.834247653,0.0233520604175082,3.25311196485257
"1594","Microtus.levis",3.569250967,0.0233520604175082,3.79052841723676
"1596","Microtus.limnophilus",3.912023005,0.0233520604175082,2.93541389399966
"1597","Microtus.longicaudus",3.802208139,0.0233520604175082,3.6422952195104
"1600","Microtus.maximowiczii",3.641500928,0.0233520604175082,3.32358911106327
"1601","Microtus.mexicanus",3.551913599,0.0233520604175082,3.79052841723676
"1602","Microtus.middendorffii",3.282681277,0.0233520604175082,4.10736343106135
"1603","Microtus.miurus",3.713572067,0.0233520604175082,3.49753424309701
"1605","Microtus.montanus",3.757705645,0.0233520604175082,3.70871738737396
"1611","Microtus.ochrogaster",3.749504076,0.522379009417508,3.77268543833333
"1616","Microtus.pinetorum",3.25617161,0.167244424417508,4.38580036276127
"1619","Microtus.richardsoni",4.448516376,0.0233520604175082,3.53854629836402
"1624","Microtus.socialis",3.871201011,0.0233520604175082,2.93541389399966
"1625","Microtus.subterraneus",2.875821977,0.0233520604175082,4.23924070910597
"1631","Microtus.xanthognathus",4.528828953,0.0233520604175082,4.22673757337786
"1635","Millardia.meltada",4.207226719,0.536893260417509,4.10756456878933
"1639","Mogera.insularis",4.263264096,0.732349086417509,4.57526269905705
"1644","Monodelphis.adusta",3.584629433,0.675237760417508,5.2934602028262
"1645","Monodelphis.americana",2.970414466,0.675237760417508,5.83158318694731
"1646","Monodelphis.brevicaudata",4.367420482,0.675237760417508,4.79945902260762
"1647","Monodelphis.dimidiata",3.796836596,0.675237760417508,5.41265305700511
"1648","Monodelphis.domestica",4.537426534,0.675237760417508,5.71438095721477
"1649","Monodelphis.emiliae",3.95756982,0.675237760417508,4.86830100179861
"1650","Monodelphis.glirina",4.243134732,0.675237760417508,4.74359050483126
"1652","Monodelphis.iheringi",4.718498871,0.675237760417508,5.7264695635437
"1653","Monodelphis.kunsi",2.424802726,0.675237760417508,5.85664277306544
"1657","Monodelphis.peruviana",3.97280883944505,0.699099517992568,4.88673050649627
"1661","Monodelphis.scalops",6.637507017,0.675237760417508,7.04285475999785
"1668","Murexia.longicaudata",4.842532175,0.887131173417509,5.28181337598029
"1674","Mus.booduga",2.623218266,0.543112447417508,5.02918208107896
"1677","Mus.caroli",2.657458415,0.543112447417508,5.02918208107896
"1679","Mus.cookii",3.018813833,0.543112447417508,5.13249828697457
"1686","Mus.haussa",2.134166441,0.176976245417508,5.01464818719094
"1687","Mus.indutus",1.816452082,0.176976245417508,5.01464818719094
"1688","Mus.macedonicus",2.708050201,0.543112447417508,5.02918208107896
"1689","Mus.mahomet",2.302585093,0.543112447417508,5.45608187860094
"1692","Mus.minutoides",1.860974538,0.176976245417508,5.01464818719094
"1693","Mus.musculoides",2.107786015,0.176976245417508,5.01464818719094
"1698","Mus.pahari",3.247774215,0.543112447417508,5.19296910239922
"1699","Mus.phillipsi",2.509599262,0.543112447417508,5.09280300742244
"1700","Mus.platythrix",3.370050653,0.543112447417508,5.29720371387334
"1701","Mus.saxicola",3.063390922,0.543112447417508,5.13249828697457
"1702","Mus.setulosus",2.414126468,0.543112447417508,5.45608187860094
"1706","Mus.spicilegus",2.63905733,0.543112447417508,5.02918208107896
"1707","Mus.spretus",2.813610697,0.543112447417508,4.97381868461744
"1708","Mus.tenellus",2.32238772,0.543112447417508,5.45608187860094
"1709","Mus.terricolor",2.197224577,0.176976245417508,5.01464818719094
"1710","Mus.triton",2.535282857,0.543112447417508,5.09280300742244
"1712","Muscardinus.avellanarius",3.373826185,0.874019342417508,5.88910353785578
"1713","Mylomys.dybowskii",4.709169776,0.560995394417508,5.62921495932284
"1718","Myodes.gapperi",2.987195943,-0.313947040582492,4.22424138974564
"1724","Myodes.shanseius",3.834247653,0.171671258417509,3.56385782318701
"1734","Myomyscus.brockmani",3.33220451,0.536893260417509,4.9855361018769
"1737","Myoprocta.acouchy",6.861575206,1.47485826841751,5.45930364027544
"1738","Myoprocta.pratti",6.873919242,1.47485826841751,5.45930364027544
"1753","Myosorex.varius",2.457877977,0.0384115244175084,4.48100892875775
"1755","Myospalax.aspalax",5.844992643,1.04025112841751,5.43155127460388
"1756","Myospalax.myospalax",5.416100402,1.04025112841751,5.03899150182727
"1757","Myospalax.psilurus",5.557638544,1.04025112841751,5.1347469419882
"1764","Mystromys.albicaudatus",4.464182493,0.726340147417509,4.64306642165144
"1765","Nannosciurus.melanotis",3.912023005,1.22240371641751,6.27747445490281
"1766","Nannospalax.ehrenbergi",3.97280883944505,0.699099517992568,4.88673050649627
"1767","Nannospalax.xanthodon",3.97280883944505,0.699099517992568,4.88673050649627
"1773","Neacomys.paracou",2.887961448,0.479187864417509,4.66169404278832
"1775","Neacomys.spinosus",2.944438979,0.479187864417509,4.62771612878216
"1780","Necromys.benefactus",3.433987204,0.479187864417509,4.77993223506856
"1782","Necromys.lasiurus",3.687127921,0.479187864417509,3.75586472703948
"1783","Necromys.lenguarum",3.696599577,0.479187864417509,3.75586472703948
"1788","Nectogale.elegans",3.658935578,0.0384115244175084,3.32358911106327
"1789","Nectomys.apicalis",3.834247653,0.479187864417509,3.50849525634275
"1792","Nectomys.rattus",5.516649361,0.741577893417508,6.08231537418689
"1793","Nectomys.squamipes",5.220247711,0.741577893417508,6.77618922145107
"1797","Neodon.irene",3.834247653,0.479187864417509,3.50849525634275
"1798","Neodon.juldaschi",3.63138539,0.479187864417509,3.81569667063084
"1804","Neomys.anomalus",2.579458967,-0.129018693582491,4.42300270346247
"1809","Neotamias.amoenus",3.924544286,0.792238083417509,4.20363608271358
"1813","Neotamias.dorsalis",4.153556422,1.10417666241751,5.30283081311135
"1816","Neotamias.minimus",3.758172281,1.14661788741751,5.63957442373863
"1822","Neotamias.quadrivittatus",4.05161102,1.10417666241751,5.27875850477148
"1830","Neotamias.umbrinus",3.946424432,1.10417666241751,5.32207226192978
"1832","Neotoma.albigula",5.33840309,1.02738541641751,5.15023583762741
"1836","Neotoma.cinerea",5.655607121,0.853644979417509,6.38754155132986
"1838","Neotoma.floridana",5.51809526,0.762221546417509,5.93489330439972
"1841","Neotoma.lepida",4.968979619,1.20764887441751,6.78149025504016
"1842","Neotoma.leucodon",5.370638028,0.853644979417509,6.65586690364772
"1845","Neotoma.mexicana",5.313205979,0.853644979417509,6.91044225352013
"1846","Neotoma.micropus",5.541812414,0.104691936417509,4.1157785125
"1852","Neotomys.ebriosus",4.166665224,0.479187864417509,3.68416374281783
"1853","Nephelomys.albigularis",4.12552018,0.479187864417509,3.68416374281783
"1861","Nesokia.indica",5.182232888,0.560995394417508,6.2351654140578
"1879","Ningaui.ridei",2.242835089,0.237568435417509,5.30830627231138
"1885","Niviventer.confucianus",4.17438727,0.536893260417509,4.10756456878933
"1887","Niviventer.cremoriventer",4.270256734,0.536893260417509,4.10756456878933
"1892","Niviventer.fulvescens",4.404154987,0.536893260417509,4.52138545986027
"1894","Niviventer.langbianis",4.24563401,0.536893260417509,4.10756456878933
"1901","Notiosorex.crawfordi",1.566530411,0.156676144417508,5.01464818719094
"1906","Notomys.alexis",3.476304854,0.668228520417508,5.69967394363675
"1910","Notomys.mitchellii",3.756538103,0.598530493417509,5.03809595543765
"1911","Nyctomys.sumichrasti",4.094177882,0.479187864417509,3.63438211137552
"1914","Ochotona.cansus",4.230476737,0.850816320417508,4.70901906427828
"1915","Ochotona.collaris",4.859812404,0.896088024417509,5.28181337598029
"1917","Ochotona.dauurica",4.875273656,0.722139483417508,5.42449235185263
"1918","Ochotona.erythrotis",5.198497031,0.722139483417508,6.50065035075117
"1921","Ochotona.gloveri",5.198497031,0.722139483417508,6.50065035075117
"1928","Ochotona.ladacensis",4.878816719,0.722139483417508,5.42449235185263
"1929","Ochotona.macrotis",5.321789723,0.722139483417508,6.56487786002527
"1930","Ochotona.mantchurica",3.97280883944505,0.699099517992568,4.88673050649627
"1935","Ochotona.princeps",5.060250515,1.05259292641751,4.3903167868
"1936","Ochotona.pusilla",4.959342,0.272974269417508,5.29882772862743
"1937","Ochotona.roylei",5.560681631,0.722139483417508,6.08231537418689
"1938","Ochotona.rufescens",5.521460918,0.722139483417508,6.08231537418689
"1940","Ochotona.thibetana",4.420044702,0.850816320417508,4.70901906427828
"1941","Ochotona.thomasi",4.579852378,0.850816320417508,5.42193380652383
"1942","Ochotona.turuchanensis",4.787491743,0.722139483417508,5.61296789228691
"1943","Ochrotomys.nuttalli",3.127199036,0.479187864417509,4.70138686800741
"1948","Octodontomys.gliroides",5.04838056,1.27792090141751,6.97801063640611
"1950","Oecomys.auyantepui",3.834247653,0.479187864417509,3.50849525634275
"1951","Oecomys.bicolor",3.707210411,0.479187864417509,3.75586472703948
"1952","Oecomys.catherinae",3.834247653,0.479187864417509,3.50849525634275
"1954","Oecomys.concolor",3.835789699,0.479187864417509,3.50849525634275
"1956","Oecomys.mamorae",4.135166557,0.479187864417509,3.68416374281783
"1960","Oecomys.roberti",4.295923936,0.479187864417509,3.69448108530288
"1961","Oecomys.rutilus",4.295923936,0.479187864417509,3.69448108530288
"1962","Oecomys.speciosus",4.295923936,0.479187864417509,3.69448108530288
"1963","Oecomys.superans",4.295923936,0.479187864417509,3.69448108530288
"1964","Oecomys.trinitatis",4.295923936,0.479187864417509,3.69448108530288
"1965","Oenomys.hypoxanthus",4.49803031,0.536893260417509,4.53030511172794
"1972","Oligoryzomys.chacoensis",3.135494216,0.479187864417509,4.7474564791331
"1973","Oligoryzomys.delticola",3.38065448,0.479187864417509,4.77993223506856
"1974","Oligoryzomys.destructor",3.226843995,0.479187864417509,4.70957904509012
"1975","Oligoryzomys.eliurus",3.54327548,0.479187864417509,4.3815824828459
"1976","Oligoryzomys.flavescens",3.058707073,0.479187864417509,4.71338748481222
"1977","Oligoryzomys.fornesi",3.113515309,0.479187864417509,4.7005557862386
"1978","Oligoryzomys.fulvescens",3.218875825,0.479187864417509,4.70957904509012
"1980","Oligoryzomys.longicaudatus",3.315639493,0.479187864417509,4.68969295265518
"1982","Oligoryzomys.microtis",3.113515309,0.479187864417509,4.7005557862386
"1984","Oligoryzomys.nigripes",3.012097628,0.479187864417509,4.74086859373222
"1986","Oligoryzomys.stramineus",3.279402841,0.479187864417509,4.70297893842515
"1990","Onychomys.arenicola",3.401197382,0.534077493417509,4.97085415564228
"1991","Onychomys.leucogaster",3.329343278,0.610359945417508,5.23802709599943
"1992","Onychomys.torridus",3.076390177,0.451491901417508,5.12027513570579
"2000","Orthogeomys.hispidus",6.214588098,0.761359552417509,7.32885571565049
"2005","Oryctolagus.cuniculus",7.371847722,1.42350673641751,3.9966749355
"2006","Oryzomys.couesi",4.238300596,-0.135485394582491,3.16623551377341
"2010","Oryzomys.palustris",3.97518558,-0.135485394582491,3.11576684574222
"2015","Otomys.angoniensis",4.611549793,0.560995394417508,5.63040422397143
"2020","Otomys.irroratus",4.740138046,0.560995394417508,5.62921495932284
"2027","Otomys.typus",4.605170186,0.560995394417508,5.63040422397143
"2028","Otomys.unisulcatus",4.824305716,0.560995394417508,5.64692253862466
"2030","Otospermophilus.beecheyi",6.393289705,0.815482760417509,6.000941258875
"2031","Otospermophilus.variegatus",6.571694958,1.06014948341751,7.20980358253004
"2032","Ototylomys.phyllotis",4.465218226,0.479187864417509,4.36709344422881
"2034","Oxymycterus.amazonicus",4.147457942,0.479187864417509,3.68416374281783
"2035","Oxymycterus.angularis",4.219360636,0.479187864417509,3.68416374281783
"2040","Oxymycterus.hispidus",3.604138226,0.479187864417509,3.81569667063084
"2042","Oxymycterus.inca",3.555062306,0.479187864417509,4.3815824828459
"2044","Oxymycterus.nasutus",4.219360636,0.479187864417509,3.68416374281783
"2046","Oxymycterus.quaestor",3.834247653,0.479187864417509,3.50849525634275
"2047","Oxymycterus.roberti",4.427358445,0.479187864417509,4.36709344422881
"2049","Pachyuromys.duprasi",3.860729711,0.703460798417509,4.71902856978583
"2055","Paracrocidura.schoutedeni",2.499795262,0.0384115244175084,4.48100892875775
"2056","Paradipus.ctenodactylus",4.941642423,0.689462523417508,6.00879470362928
"2057","Paraechinus.aethiopicus",5.864766894,1.19261421441751,6.09493184995223
"2058","Paraechinus.hypomelas",5.361292166,1.19261421441751,5.66230314776133
"2059","Paraechinus.micropus",5.141663557,1.19261421441751,5.62843573599111
"2070","Paramelomys.platyops",4.449685283,0.536893260417509,4.53030511172794
"2074","Parascalops.breweri",3.933980173,0.782325397417509,4.19910956227669
"2075","Parascaptor.leucura",3.819995432,0.732349086417509,5.21536439715271
"2077","Paraxerus.boehmi",4.251917949,1.22240371641751,6.26936041401192
"2078","Paraxerus.cepapi",5.406498899,1.33292339641751,6.2621612051972
"2080","Paraxerus.flavovittis",5.075173815,1.33292339641751,7.19382308573872
"2082","Paraxerus.ochraceus",4.647271362,1.33292339641751,6.6391697376673
"2083","Paraxerus.palliatus",5.900910539,1.33292339641751,6.57339031556044
"2084","Paraxerus.poensis",4.605170186,1.33292339641751,6.6391697376673
"2087","Parotomys.brantsii",4.863680881,0.560995394417508,5.42645894367396
"2088","Parotomys.littledalei",4.844108343,0.560995394417508,5.42645894367396
"2093","Pectinator.spekei",5.134032172,1.28863138841751,6.14901158888249
"2094","Pedetes.capensis",7.843554477,1.78168593341751,8.52080643435437
"2095","Pedetes.surdaster",8.05674536,1.78168593341751,8.35401098782688
"2096","Pelomys.campanae",4.156597474,0.536893260417509,4.10756456878933
"2097","Pelomys.fallax",4.791317748,0.560995394417508,5.62921495932284
"2104","Perameles.nasuta",6.579612258,0.620927876417508,6.83522580488886
"2107","Perognathus.fasciatus",2.423917378,0.774253853417509,5.38120129809985
"2108","Perognathus.flavescens",2.22028985,1.00430502141751,5.61336686559419
"2109","Perognathus.flavus",2.075684493,1.00430502141751,5.61336686559419
"2111","Perognathus.longimembris",2.088153482,1.00430502141751,5.61336686559419
"2112","Perognathus.merriami",1.937301775,1.00430502141751,5.61336686559419
"2113","Perognathus.parvus",3.070839746,0.774253853417509,5.40206788338802
"2114","Peromyscus.attwateri",3.328626689,0.554169271417509,5.15491562647449
"2117","Peromyscus.boylii",3.173878459,-0.465879760582491,4.29971915631083
"2121","Peromyscus.crinitus",2.79239135,0.899612976417509,5.80944369061377
"2123","Peromyscus.difficilis",3.3304172,0.554169271417509,5.28850585340452
"2124","Peromyscus.eremicus",3.123685638,0.852478682417509,5.77298225039286
"2128","Peromyscus.gossypinus",3.320710131,-0.593638024582491,4.60370429832955
"2130","Peromyscus.gratus",3.308716529,0.554169271417509,5.17283429239549
"2138","Peromyscus.leucopus",2.894253105,0.594284281417509,4.9357647778
"2146","Peromyscus.melanophrys",3.688879454,0.554169271417509,4.35322921626763
"2147","Peromyscus.melanotis",3.678576561,0.554169271417509,4.35322921626763
"2151","Peromyscus.nasutus",3.33220451,0.554169271417509,5.28850585340452
"2153","Peromyscus.pectoralis",3.663305203,0.554169271417509,4.39121756330815
"2155","Peromyscus.polionotus",2.658159431,0.552611747417509,5.0549967315
"2166","Peromyscus.truei",3.295836866,0.560609814417509,5.24802163278249
"2175","Petaurista.alborufus",7.314519543,1.70885179141751,8.52399967211402
"2176","Petaurista.elegans",6.946975992,1.70885179141751,8.3398209926326
"2180","Petaurista.petaurista",7.335529674,1.70885179141751,8.53492889704284
"2181","Petaurista.philippensis",7.424063844,1.70885179141751,8.27800164905281
"2182","Petaurista.xanthotis",7.549609165,1.70885179141751,8.27800164905281
"2183","Petauroides.volans",7.136618442,1.75267208041751,8.59715884163471
"2187","Petaurus.breviceps",4.793805105,1.68546457541751,6.89201342392569
"2189","Petaurus.norfolcensis",5.438079309,1.73253628241751,6.48742250385602
"2192","Petinomys.genibarbis",4.689603242,1.33292339641751,6.6391697376673
"2197","Petinomys.setosus",3.780774719,1.22240371641751,6.50762441581549
"2211","Petromus.typicus",5.411646052,1.04025112841751,5.03899150182727
"2213","Petromyscus.collinus",2.995732274,0.504628378417508,4.85253061216224
"2218","Phaiomys.leucurus",3.926052676,0.479187864417509,3.42311033587867
"2221","Phalanger.gymnotis",7.862454856,1.70118704541751,8.76260105471491
"2227","Phalanger.orientalis",7.819033469,1.70118704541751,8.75416264242124
"2237","Phenacomys.intermedius",3.226843995,0.479187864417509,4.70957904509012
"2238","Phenacomys.ungava",3.295836866,0.479187864417509,4.68969295265518
"2241","Philander.frenatus",6.146329258,0.481701719417509,7.05782046013716
"2242","Philander.mcilhennyi",6.214608098,0.481701719417509,7.05790941990296
"2245","Philander.opossum",6.053993237,0.481701719417509,7.05819631813027
"2248","Phodopus.campbelli",3.298056623,-0.381630664582492,4.09317766041415
"2249","Phodopus.roborovskii",2.931193752,0.411672287417509,5.26705870732568
"2250","Phodopus.sungorus",3.415428964,0.262274692417509,4.77213346735943
"2255","Phyllomys.lamarum",5.371521359,0.705413542417508,6.34139127089728
"2258","Phyllomys.medius",5.597063408,0.705413542417508,6.11491529562527
"2261","Phyllomys.sulinus",5.730932813,0.705413542417508,5.94294991793969
"2278","Phyllotis.xanthopygus",3.959478947,0.479187864417509,3.57383333362009
"2284","Planigale.gilesi",2.234306252,0.710691552417509,5.8775078322771
"2285","Planigale.ingrami",1.835776355,0.647328060417508,5.85664277306544
"2286","Planigale.maculata",2.48490665,0.738065802417508,5.68249876853421
"2288","Planigale.tenuirostris",1.835776355,0.579676392417508,5.43073057596334
"2303","Poliocitellus.franklinii",6.126082849,1.03979031641751,7.66537402058891
"2304","Potamogale.velox",6.508754234,1.06516726041751,6.9706060105181
"2308","Praomys.daltoni",3.555062306,0.548911815417508,4.91314067968449
"2313","Praomys.jacksoni",3.663818024,0.548911815417508,4.39121756330815
"2321","Praomys.rostratus",4.156597474,0.548911815417508,4.31536165705188
"2322","Praomys.tullbergi",3.61361697,0.548911815417508,4.39121756330815
"2325","Proechimys.brevicauda",5.652454092,0.548653349417509,5.72570068978959
"2328","Proechimys.cuvieri",5.828504344,0.548653349417509,5.9192948758162
"2331","Proechimys.gardneri",5.680839622,0.548653349417509,5.72409104540973
"2332","Proechimys.goeldii",5.652454092,0.548653349417509,5.72570068978959
"2334","Proechimys.guyannensis",5.749488523,0.585897514417509,5.64087034697473
"2337","Proechimys.longicaudatus",5.323009979,0.548653349417509,6.20013137133491
"2343","Proechimys.quadruplicatus",5.652454092,0.548653349417509,5.72570068978959
"2344","Proechimys.roberti",5.652454092,0.548653349417509,5.72570068978959
"2346","Proechimys.simonsi",5.652454092,0.548653349417509,5.72570068978959
"2347","Proechimys.steerei",5.652454092,0.548653349417509,5.72570068978959
"2354","Pronolagus.randensis",7.773371472,1.10708759541751,7.61612914109149
"2355","Pronolagus.rupestris",7.718681051,1.10708759541751,7.61484359954576
"2356","Pronolagus.saundersiae",7.760996869,1.10708759541751,7.61612914109149
"2364","Protoxerus.stangeri",6.446402126,1.33292339641751,7.07648943381912
"2365","Psammomys.obesus",4.626442321,0.408706606417509,6.00394234350418
"2368","Pseudantechinus.macdonnellensis",3.607669399,0.831341128417509,4.80037778638749
"2371","Pseudantechinus.roryi",3.338612506,0.619661243417508,5.35248367063559
"2372","Pseudantechinus.woolleyae",3.766534699,0.619661243417508,5.03809595543765
"2374","Pseudocheirus.peregrinus",6.797069498,1.20432274341751,6.29124033061453
"2380","Pseudochirulus.canescens",5.703782475,1.20432274341751,5.66182644452317
"2396","Pseudomys.bolami",2.740840024,0.885331978417509,5.8198572169143
"2399","Pseudomys.delicatulus",2.14710019,0.885331978417509,5.94044192448935
"2400","Pseudomys.desertor",3.613347392,0.885331978417509,5.31273426738973
"2404","Pseudomys.hermannsburgensis",2.593761055,0.885331978417509,5.8198572169143
"2406","Pseudomys.johnsoni",2.48490665,0.885331978417509,5.83138342316193
"2407","Pseudomys.nanus",4.253909132,0.885331978417509,4.99068851204714
"2411","Pseudomys.patrius",2.397895273,0.885331978417509,5.94044192448935
"2414","Pseudoryzomys.simplex",3.811097087,0.479187864417509,4.07675457894666
"2417","Pteromyscus.pulverulentus",5.526647445,1.33292339641751,6.28355311080127
"2420","Pygeretmus.platyurus",2.995732274,0.687924163417509,5.87020983224329
"2421","Pygeretmus.pumilio",3.955848485,0.687924163417509,4.83019155875707
"2424","Rattus.andamanensis",4.941642423,0.381918949417509,6.00335951508516
"2427","Rattus.argentiventer",5.108185388,0.381918949417509,5.82662787708413
"2437","Rattus.exulans",3.924544286,0.381918949417509,4.29702531994527
"2439","Rattus.fuscipes",4.82494808,0.425370305417508,6.0843324904
"2448","Rattus.losea",4.650430317,0.381918949417509,6.03966673522294
"2458","Rattus.nitidus",4.605370166,0.381918949417509,6.03966673522294
"2467","Rattus.pyctoris",4.912654886,0.381918949417509,6.00335951508516
"2477","Rattus.tanezumi",4.947624494,0.381918949417509,5.99850006988983
"2480","Rattus.tiomanicus",4.781557503,0.381918949417509,6.03966673522294
"2481","Rattus.tunneyi",5.131613221,0.381918949417509,6.04752345025458
"2484","Rattus.villosissimus",5.401595716,0.381918949417509,5.46481441442736
"2486","Ratufa.affinis",7.052565328,1.85250567041751,8.38452895679096
"2487","Ratufa.bicolor",7.383417866,1.85250567041751,8.06700735005427
"2490","Reithrodon.auritus",4.378645927,0.479187864417509,3.90526496011869
"2491","Reithrodon.typicus",3.912023005,0.479187864417509,3.46375121549661
"2498","Reithrodontomys.fulvescens",2.446685437,-0.587701736582491,4.88936664039219
"2501","Reithrodontomys.humulis",2.1102132,-0.204680094582492,4.74815576546619
"2502","Reithrodontomys.megalotis",2.372111156,-0.587701736582491,5.14878592427262
"2503","Reithrodontomys.mexicanus",2.754297452,-0.587701736582491,4.8393058701729
"2505","Reithrodontomys.montanus",2.388762789,-0.587701736582491,5.14878592427262
"2513","Rhabdomys.pumilio",3.706964922,0.222562999417509,4.04847912486739
"2516","Rheithrosciurus.macrotis",7.210279165,1.70885179141751,8.83272016637214
"2521","Rhinosciurus.laticaudatus",5.439382807,1.33292339641751,6.2621612051972
"2526","Rhipidomys.emiliae",3.834247653,0.479187864417509,3.50849525634275
"2531","Rhipidomys.leucodactylus",4.382026635,0.479187864417509,3.91475248727752
"2533","Rhipidomys.macrurus",3.834247653,0.479187864417509,3.50849525634275
"2534","Rhipidomys.mastacalis",4.605170186,0.741577893417508,5.60252468586219
"2536","Rhipidomys.nitela",4.48863637,0.479187864417509,4.36709344422881
"2541","Rhizomys.pruinosus",7.803843304,1.75641601041751,8.50224074082717
"2542","Rhizomys.sinensis",4.412737685,0.676260528417509,4.88296262235977
"2543","Rhizomys.sumatrensis",7.824046011,1.75641601041751,8.50224074082717
"2544","Rhombomys.opimus",5.65248918,0.432550134417508,5.48829183104326
"2553","Saccostomus.campestris",3.918601321,0.219328062417508,3.58775802971973
"2554","Saccostomus.mearnsi",4.173001695,0.219328062417508,3.84013652605279
"2558","Salpingotus.crassicauda",2.266957915,0.695592407417508,5.89761031212185
"2560","Salpingotus.kozlovi",2.251291799,0.695592407417508,5.89761031212185
"2564","Scalopus.aquaticus",4.467630772,0.951451423417509,4.76448515961936
"2565","Scapanulus.oweni",3.60114054,0.732349086417509,5.04933683615642
"2566","Scapanus.latimanus",4.134526352,0.499961673417508,3.86888736390563
"2567","Scapanus.orarius",4.129228964,0.499961673417508,3.86888736390563
"2572","Scaptochirus.moschatus",4.505460342,0.732349086417509,4.64306642165144
"2573","Scaptonyx.fusicaudus",2.965788397,0.732349086417509,5.85797619462339
"2574","Sciurillus.pusillus",3.552773321,1.22240371641751,6.63795513912462
"2575","Sciurotamias.davidianus",6.071914864,1.33292339641751,7.48140418788239
"2578","Sciurus.aestuans",5.178068794,1.76031160441751,6.61172074916172
"2580","Sciurus.anomalus",5.815025653,1.76031160441751,7.3468795473526
"2582","Sciurus.aureogaster",6.121549382,1.76031160441751,8.64390233543328
"2583","Sciurus.carolinensis",6.30151947,2.02972594941751,8.09113733275
"2585","Sciurus.deppei",5.519458915,1.76031160441751,6.55775637460926
"2587","Sciurus.gilvigularis",6.688354714,1.76031160441751,8.24933909501697
"2588","Sciurus.granatensis",5.763434074,1.76031160441751,6.62206161853658
"2589","Sciurus.griseus",6.556565265,1.76031160441751,9.28694615649926
"2590","Sciurus.ignitus",5.247024072,1.76031160441751,6.67341782939935
"2591","Sciurus.igniventris",6.551080335,1.76031160441751,9.28694615649926
"2594","Sciurus.niger",6.635815313,1.68866427041751,11.07286891
"2600","Sciurus.spadiceus",5.999730292,1.76031160441751,8.63404480123467
"2602","Sciurus.variegatoides",6.184148891,1.76031160441751,8.62169934244075
"2609","Scutisorex.somereni",4.516229677,0.0384115244175084,3.53854629836402
"2612","Setifer.setosus",5.572990184,1.43162574541751,5.37795720792753
"2615","Sicista.betulina",2.188295947,0.695592407417508,5.89761031212185
"2618","Sicista.concolor",1.945910149,0.695592407417508,5.89761031212185
"2623","Sicista.severtzovi",4.124404734,0.695592407417508,4.70654655147519
"2624","Sicista.strandi",2.332143895,0.695592407417508,5.89761031212185
"2625","Sicista.subtilis",2.463853241,0.695592407417508,5.69873345408953
"2626","Sicista.tianshanica",2.442347035,0.695592407417508,5.69873345408953
"2628","Sigmodon.alstoni",4.019980147,0.491299232417509,3.75748705863176
"2629","Sigmodon.arizonae",5.288267031,0.491299232417509,5.91705939207191
"2630","Sigmodon.fulviventer",5.27780849,0.491299232417509,6.06699178630566
"2631","Sigmodon.hirsutus",4.532599493,0.491299232417509,5.5723642178619
"2632","Sigmodon.hispidus",4.706372066,0.491299232417509,5.59843431467283
"2636","Sigmodon.ochrognathus",4.804021045,0.491299232417509,5.59843431467283
"2640","Sigmodontomys.alfari",3.912023005,0.479187864417509,3.46375121549661
"2645","Sminthopsis.crassicaudata",2.77133794,0.487726638417508,4.69456991376172
"2646","Sminthopsis.dolichura",2.666533521,0.402770094417509,5.50932046769672
"2652","Sminthopsis.hirtipes",2.708050201,0.402770094417509,5.50932046769672
"2654","Sminthopsis.longicaudata",2.890371758,0.402770094417509,5.30474014657936
"2655","Sminthopsis.macroura",3.159550359,0.557629315417508,5.20277668468896
"2656","Sminthopsis.murina",2.833213344,-0.023010391582491,4.23924070910597
"2657","Sminthopsis.ooldea",2.500615943,0.454239529417508,5.08418513667969
"2660","Sminthopsis.youngsoni",2.410542234,0.402770094417509,5.96307530298504
"2669","Sooretamys.angouya",4.788907407,0.741577893417508,5.61296789228691
"2671","Sorex.alpinus",2.084429083,0.147201970417509,5.01162094724928
"2672","Sorex.antinorii",1.991350262,0.147201970417509,5.01162094724928
"2674","Sorex.arcticus",2.102913898,0.129931771417508,5.02923351306751
"2677","Sorex.asper",2.0725428,0.147201970417509,5.01162094724928
"2679","Sorex.bedfordiae",1.991350262,0.147201970417509,5.01162094724928
"2683","Sorex.camtschatica",1.991350262,0.147201970417509,5.01162094724928
"2686","Sorex.coronatus",2.232162629,-0.0503766275824918,4.74815576546619
"2688","Sorex.daphaenodon",2.091864062,0.147201970417509,5.01162094724928
"2689","Sorex.dispar",1.60743591,0.147201970417509,5.01162094724928
"2692","Sorex.fumeus",2.05796251,0.0413302274175082,4.74815576546619
"2693","Sorex.gracillimus",1.481604541,0.147201970417509,5.01162094724928
"2695","Sorex.haydeni",1.252762968,0.147201970417509,5.01162094724928
"2697","Sorex.hoyi",1.214912744,0.147201970417509,5.01162094724928
"2703","Sorex.longirostris",1.190887565,0.147201970417509,5.01162094724928
"2708","Sorex.merriami",1.790091412,0.147201970417509,5.01162094724928
"2713","Sorex.monticolus",1.93441577,0.147201970417509,5.01162094724928
"2714","Sorex.nanus",0.943905899,0.147201970417509,5.01162094724928
"2720","Sorex.palustris",2.570319528,-0.289719580582491,4.42300270346247
"2723","Sorex.preblei",1.1442228,0.147201970417509,5.01162094724928
"2729","Sorex.satunini",2.098918204,0.147201970417509,5.01162094724928
"2738","Sorex.trowbridgii",1.613429934,0.147201970417509,5.01162094724928
"2740","Sorex.ugyunak",1.280933845,0.147201970417509,5.01162094724928
"2741","Sorex.unguiculatus",2.646883766,0.0725543394175084,4.60032127216748
"2742","Sorex.vagrans",1.790091412,0.396715127417509,5.96478918613654
"2746","Sorex.volnuchini",2.833213344,-0.0922662555824916,4.23924070910597
"2756","Spalax.microphthalmus",6.152732695,1.04025112841751,7.66537402058891
"2760","Spermophilopsis.leptodactylus",6.396929655,1.33292339641751,7.07648943381912
"2761","Spermophilus.alashanicus",5.507095937,1.06014948341751,5.49430186063373
"2763","Spermophilus.brevicauda",5.507095937,1.06014948341751,5.49430186063373
"2764","Spermophilus.citellus",5.981338451,0.959889833417509,8.25345203068319
"2765","Spermophilus.dauricus",5.083265985,1.06014948341751,4.69979480185018
"2766","Spermophilus.erythrogenys",5.872117789,1.06014948341751,5.60431916869515
"2767","Spermophilus.fulvus",6.657214837,1.06014948341751,7.09702615681628
"2768","Spermophilus.major",5.507095937,1.06014948341751,5.49430186063373
"2770","Spermophilus.pallidicauda",5.507095937,1.06014948341751,5.49430186063373
"2771","Spermophilus.pygmaeus",5.155947025,1.06014948341751,5.32131210368926
"2774","Spermophilus.suslicus",5.529429088,1.06014948341751,5.49430186063373
"2776","Spermophilus.xanthoprymnus",5.668731987,1.06014948341751,5.51402722183017
"2777","Spilocuscus.maculatus",8.309051547,1.51233130641751,6.57893358600591
"2779","Steatomys.bocagei",1.38896443,1.06995416941751,5.20299845439611
"2780","Steatomys.caurinus",3.801091445,0.504628378417508,4.33836159592002
"2783","Steatomys.krebsii",3.028683374,0.504628378417508,4.85253061216224
"2784","Steatomys.opimus",3.688879454,0.504628378417508,3.95978107581993
"2785","Steatomys.parvus",1.60743591,1.06995416941751,5.20299845439611
"2786","Steatomys.pratensis",3.420346201,0.504628378417508,4.91596505444591
"2791","Stochomys.longicaudatus",4.261975404,0.536893260417509,4.10756456878933
"2794","Stylodipus.andrewsi",4.007333185,0.687924163417509,4.62950883717554
"2796","Stylodipus.telum",4.094177882,0.687924163417509,4.67794727952524
"2800","Suncus.etruscus",0.815364813,0.481504026417508,5.27287493060852
"2804","Suncus.lixus",2.079441542,0.481504026417508,5.27287493060852
"2805","Suncus.madagascariensis",0.904218151,0.481504026417508,5.27287493060852
"2807","Suncus.megalura",1.682688374,0.481504026417508,5.27287493060852
"2810","Suncus.murinus",3.778720158,-0.00404254358249121,3.6422952195104
"2812","Suncus.stoliczkanus",2.243896097,0.481504026417508,5.27287493060852
"2813","Suncus.varilla",1.60743591,0.481504026417508,5.27287493060852
"2817","Sundamys.muelleri",5.876278137,0.560995394417508,5.92390256484967
"2821","Sundasciurus.hippurus",5.879946222,1.33292339641751,6.57339031556044
"2825","Sundasciurus.lowii",4.442533603,1.22240371641751,6.26936041401192
"2832","Sundasciurus.tenuis",4.315753276,1.22240371641751,6.26936041401192
"2835","Sylvilagus.aquaticus",7.665444106,1.04843454541751,7.59497860491949
"2836","Sylvilagus.audubonii",6.780921408,0.931831807417508,6.84247599331319
"2837","Sylvilagus.bachmani",6.571624984,0.977254446417509,7.59013501405251
"2838","Sylvilagus.brasiliensis",6.89440658,0.977254446417509,6.96283963082315
"2842","Sylvilagus.floridanus",7.096050624,1.10955719641751,7.71890275776539
"2846","Sylvilagus.nuttallii",6.686534877,0.895028699417509,6.01551056871833
"2848","Sylvilagus.palustris",7.211726461,0.983331291417509,7.74446691429648
"2856","Sylvisorex.johnstoni",1.160020917,0.156676144417508,5.01464818719094
"2860","Sylvisorex.ollula",2.808800104,0.0384115244175084,4.23924070910597
"2864","Synaptomys.borealis",3.058707073,0.479187864417509,4.71338748481222
"2865","Synaptomys.cooperi",3.332561589,0.479187864417509,4.80642339927415
"2868","Tachyoryctes.splendens",5.425522541,1.04025112841751,5.03899150182727
"2876","Talpa.altaica",4.442651256,1.00795792041751,4.42067449832538
"2880","Talpa.europaea",4.471981592,1.00795792041751,4.42067449832538
"2881","Talpa.levantis",4.49980967,1.00795792041751,4.42067449832538
"2885","Tamias.striatus",4.717605615,1.15658391841751,5.36786233799116
"2886","Tamiasciurus.douglasii",5.416100402,1.38201559741751,5.11292994117745
"2889","Tamiops.macclellandii",3.825157072,1.22240371641751,6.48331547465995
"2890","Tamiops.maritimus",4.201253878,1.22240371641751,6.26936041401192
"2891","Tamiops.rodolphii",4.025351691,1.22240371641751,6.25112197301716
"2892","Tamiops.swinhoei",4.094344562,1.22240371641751,6.26936041401192
"2900","Tatera.indica",4.929280615,0.826209841417509,5.62248597774143
"2901","Taterillus.arenarius",3.850147602,0.536893260417509,4.00311016871981
"2902","Taterillus.congicus",4.156597474,0.536893260417509,4.10756456878933
"2903","Taterillus.emini",3.951243719,0.536893260417509,3.96218150164114
"2904","Taterillus.gracilis",3.910021003,0.536893260417509,3.95836612787366
"2907","Taterillus.pygargus",4.097506226,0.536893260417509,4.10756456878933
"2909","Tenrec.ecaudatus",6.788509925,1.02476715541751,6.5927431456692
"2911","Thallomys.nigricauda",4.824225391,0.201418858417509,4.88209573295851
"2912","Thallomys.paedulcus",4.352855257,0.201418858417509,3.77029955690807
"2914","Thalpomys.cerradensis",3.177637077,0.479187864417509,4.6810652220018
"2915","Thalpomys.lasiotis",3.177637077,0.479187864417509,4.6810652220018
"2919","Thaptomys.nigrita",2.990719732,0.479187864417509,4.74086859373222
"2921","Thomasomys.aureus",4.477223172,0.479187864417509,4.36709344422881
"2956","Thomomys.bottae",4.809742352,0.539121493417508,5.703782475
"2962","Thomomys.talpoides",4.650525888,0.483490862417509,5.4455975744088
"2964","Thomomys.umbrinus",4.832783732,0.511692973417508,5.25887653697464
"2965","Thrichomys.apereoides",5.69551506,0.960196763417509,6.02975905990595
"2968","Thryonomys.gregorianus",7.903648006,0.830297018417508,7.55090851311112
"2969","Thryonomys.swinderianus",8.22973776,0.830297018417508,7.55186430112319
"2974","Thylamys.karimii",3.33220451,0.565998545417509,5.36953301015858
"2976","Thylamys.pallidior",2.730463796,0.565998545417509,5.05155953663369
"2977","Thylamys.pulchellus",3.421238344,0.565998545417509,5.35154151295835
"2981","Thylamys.velutinus",3.029650492,0.565998545417509,5.16412208663601
"2987","Tlacuatzin.canescens",3.865560131,0.565998545417509,4.48955452662018
"2995","Transandinomys.talamancae",4.007242272,0.479187864417509,3.57230916562596
"2998","Trichosurus.vulpecula",7.895581248,1.70511166241751,8.79389492333333
"2999","Trichys.fasciculata",7.467371067,2.00602281341751,7.96372697178017
"3004","Trinomys.iheringi",5.395398704,0.705413542417508,6.34139127089728
"3009","Trinomys.setosus",5.652454092,0.705413542417508,6.11491529562527
"3011","Trogopterus.xanthipes",6.613299651,1.50716674441751,7.4861666739437
"3013","Tscherskia.triton",3.218875825,0.479187864417509,4.70957904509012
"3017","Tylomys.nudicaudus",5.202081759,0.644478197417508,6.36843314853318
"3022","Typhlomys.cinereus",3.729901429,0.676260528417509,5.09346802518698
"3023","Uranomys.ruddi",3.568969157,0.536893260417509,4.32062684430736
"3025","Urocitellus.beldingi",5.6077487,1.06014948341751,5.67847740725
"3029","Urocitellus.elegans",5.782131441,1.06014948341751,4.421807546
"3032","Urocitellus.parryii",6.61618566,1.06014948341751,7.12103817180029
"3033","Urocitellus.richardsonii",5.784132827,1.06014948341751,5.58718880871429
"3035","Urocitellus.undulatus",6.610574907,1.06014948341751,7.12103817180029
"3039","Uromys.caudimaculatus",6.468350687,0.560995394417508,6.50083214027502
"3048","Uropsilus.gracilis",3.846758594,0.732349086417509,4.73707982999166
"3054","Vandeleuria.oleracea",4.949188929,0.560995394417508,5.7951771666786
"3055","Vernaya.fulva",3.212857753,0.536893260417509,4.90016411402779
"3061","Wiedomys.pyrrhorhinos",3.843744165,0.479187864417509,3.50849525634275
"3065","Xenuromys.barbatus",6.882745116,0.560995394417508,6.72268677591102
"3069","Xerospermophilus.spilosoma",4.669458676,1.06014948341751,4.41374199112028
"3070","Xerospermophilus.tereticaudus",4.994302639,1.19726842141751,6.52679837596605
"3071","Xerus.erythropus",6.400639432,1.10651431841751,7.16646650663439
"3072","Xerus.inauris",6.350187393,1.47981436541751,7.17101747021284
"3074","Xerus.rutilus",5.758775583,1.31048324541751,6.19350598767059
"3075","Zapus.hudsonius",2.913979772,0.503998481417509,4.73538256194949
"3076","Zapus.princeps",3.303216973,0.503998481417509,4.82554692751818
"3078","Zelotomys.hildegardeae",4.011325207,0.536893260417509,3.99940935013146
"3079","Zelotomys.woosnami",3.990834186,0.536893260417509,3.99940935013146
"3081","Zygodontomys.brevicauda",3.955465563,0.479187864417509,3.479719943683
"3084","Zyzomys.argurus",3.699324712,0.536893260417509,4.01327745277961
